team_id,opp_team_id,game_id,game_dt,result,team_goals,opp_goals,points_earned,result_60,team_goals_60,opp_goals_60,points_earned_60,result_75,team_goals_75,opp_goals_75,points_earned_75
ARS,NEW,9,2019-08-11T08:00:00Z,W,1,0,3,W,1,0,3,W,1,0,3
ARS,BUR,11,2019-08-17T06:30:00Z,W,2,1,3,D,1,1,1,W,2,1,3
ARS,LIV,27,2019-08-24T11:30:00Z,L,1,3,0,L,0,3,0,L,0,3,0
ARS,TOT,40,2019-09-01T10:30:00Z,D,2,2,1,L,1,2,0,D,2,2,1
ARS,WAT,49,2019-09-15T10:30:00Z,D,2,2,1,W,2,1,3,W,2,1,3
ARS,AVL,59,2019-09-22T10:30:00Z,W,3,2,3,L,1,2,0,L,1,2,0
ARS,MU,70,2019-09-30T14:00:00Z,D,1,1,1,D,1,1,1,D,1,1,1
ARS,BOU,77,2019-10-06T08:00:00Z,W,1,0,3,W,1,0,3,W,1,0,3
ARS,SHU,90,2019-10-21T14:00:00Z,L,0,1,0,L,0,1,0,L,0,1,0
ARS,CP,98,2019-10-27T11:30:00Z,D,2,2,1,D,2,2,1,D,2,2,1
ARS,WOL,102,2019-11-02T10:00:00Z,D,1,1,1,W,1,0,3,W,1,0,3
ARS,LC,117,2019-11-09T11:30:00Z,L,0,2,0,D,0,0,1,L,0,2,0
ARS,SOU,123,2019-11-23T09:00:00Z,D,2,2,1,D,1,1,1,L,1,2,0
ARS,NOR,137,2019-12-01T08:00:00Z,D,2,2,1,D,2,2,1,D,2,2,1
ARS,BHA,150,2019-12-05T14:15:00Z,L,1,2,0,D,1,1,1,D,1,1,1
ARS,WHU,160,2019-12-09T14:00:00Z,W,3,1,3,D,1,1,1,W,3,1,3
ARS,MC,169,2019-12-15T10:30:00Z,L,0,3,0,L,0,3,0,L,0,3,0
ARS,EVE,171,2019-12-21T06:30:00Z,D,0,0,1,D,0,0,1,D,0,0,1
ARS,BOU,181,2019-12-26T09:00:00Z,D,1,1,1,L,0,1,0,D,1,1,1
ARS,CHE,197,2019-12-29T08:00:00Z,L,1,2,0,W,1,0,3,W,1,0,3
ARS,MU,208,2020-01-01T14:00:00Z,W,2,0,3,W,2,0,3,W,2,0,3
ARS,CP,211,2020-01-11T06:30:00Z,D,1,1,1,D,1,1,1,D,1,1,1
ARS,SHU,221,2020-01-18T09:00:00Z,D,1,1,1,W,1,0,3,W,1,0,3
ARS,CHE,235,2020-01-21T14:15:00Z,D,2,2,1,L,0,1,0,D,1,1,1
ARS,BUR,249,2020-02-02T08:00:00Z,D,0,0,1,D,0,0,1,D,0,0,1
ARS,NEW,258,2020-02-16T10:30:00Z,W,4,0,3,W,2,0,3,W,2,0,3
ARS,EVE,269,2020-02-23T10:30:00Z,W,3,2,3,W,3,2,3,W,3,2,3
ARS,WHU,280,2020-03-07T09:00:00Z,W,1,0,3,D,0,0,1,D,0,0,1
AVL,TOT,7,2019-08-10T11:30:00Z,L,1,3,0,W,1,0,3,D,1,1,1
AVL,BOU,12,2019-08-17T09:00:00Z,L,1,2,0,L,0,2,0,L,1,2,0
AVL,EVE,21,2019-08-23T14:00:00Z,W,2,0,3,W,1,0,3,W,1,0,3
AVL,CP,33,2019-08-31T09:00:00Z,L,0,1,0,D,0,0,1,L,0,1,0
AVL,WHU,50,2019-09-16T14:00:00Z,D,0,0,1,D,0,0,1,D,0,0,1
AVL,ARS,59,2019-09-22T10:30:00Z,L,2,3,0,W,2,1,3,W,2,1,3
AVL,BUR,63,2019-09-28T09:00:00Z,D,2,2,1,W,1,0,3,D,1,1,1
AVL,NOR,74,2019-10-05T09:00:00Z,W,5,1,3,W,3,0,3,W,4,0,3
AVL,BHA,83,2019-10-19T09:00:00Z,W,2,1,3,D,1,1,1,D,1,1,1
AVL,MC,92,2019-10-26T06:30:00Z,L,0,3,0,L,0,1,0,L,0,3,0
AVL,LIV,103,2019-11-02T10:00:00Z,L,1,2,0,W,1,0,3,W,1,0,3
AVL,WOL,119,2019-11-10T08:00:00Z,L,1,2,0,L,0,1,0,L,0,1,0
AVL,NEW,130,2019-11-25T14:00:00Z,W,2,0,3,W,2,0,3,W,2,0,3
AVL,MU,140,2019-12-01T10:30:00Z,D,2,2,1,D,1,1,1,D,2,2,1
AVL,CHE,146,2019-12-04T13:30:00Z,L,1,2,0,L,1,2,0,L,1,2,0
AVL,LC,156,2019-12-08T08:00:00Z,L,1,4,0,L,1,3,0,L,1,4,0
AVL,SHU,165,2019-12-14T09:00:00Z,L,0,2,0,L,0,1,0,L,0,2,0
AVL,SOU,173,2019-12-21T09:00:00Z,L,1,3,0,L,0,3,0,L,1,3,0
AVL,NOR,182,2019-12-26T09:00:00Z,W,1,0,3,D,0,0,1,W,1,0,3
AVL,WAT,193,2019-12-28T09:00:00Z,L,0,3,0,L,0,1,0,L,0,3,0
AVL,BUR,201,2020-01-01T06:30:00Z,W,2,1,3,W,2,0,3,W,2,0,3
AVL,MC,219,2020-01-12T09:30:00Z,L,1,6,0,L,0,5,0,L,0,5,0
AVL,BHA,222,2020-01-18T09:00:00Z,D,1,1,1,L,0,1,0,D,1,1,1
AVL,WAT,231,2020-01-21T13:30:00Z,W,2,1,3,L,0,1,0,D,1,1,1
AVL,BOU,242,2020-02-01T09:00:00Z,L,1,2,0,L,0,2,0,L,1,2,0
AVL,TOT,257,2020-02-16T08:00:00Z,L,2,3,0,D,2,2,1,D,2,2,1
AVL,SOU,265,2020-02-22T09:00:00Z,L,0,2,0,L,0,1,0,L,0,1,0
AVL,LC,288,2020-03-09T15:00:00Z,L,0,4,0,L,0,1,0,L,0,2,0
BOU,SHU,3,2019-08-10T09:00:00Z,D,1,1,1,D,0,0,1,W,1,0,3
BOU,AVL,12,2019-08-17T09:00:00Z,W,2,1,3,W,2,0,3,W,2,1,3
BOU,MC,28,2019-08-25T08:00:00Z,L,1,3,0,L,1,2,0,L,1,3,0
BOU,LC,34,2019-08-31T09:00:00Z,L,1,3,0,L,1,2,0,L,1,3,0
BOU,EVE,48,2019-09-15T08:00:00Z,W,3,1,3,D,1,1,1,W,3,1,3
BOU,SOU,51,2019-09-20T14:00:00Z,W,3,1,3,W,2,1,3,W,2,1,3
BOU,WHU,62,2019-09-28T09:00:00Z,D,2,2,1,W,2,1,3,D,2,2,1
BOU,ARS,77,2019-10-06T08:00:00Z,L,0,1,0,L,0,1,0,L,0,1,0
BOU,NOR,82,2019-10-19T09:00:00Z,D,0,0,1,D,0,0,1,D,0,0,1
BOU,WAT,94,2019-10-26T09:00:00Z,D,0,0,1,D,0,0,1,D,0,0,1
BOU,MU,101,2019-11-02T07:30:00Z,W,1,0,3,W,1,0,3,W,1,0,3
BOU,NEW,114,2019-11-09T09:00:00Z,L,1,2,0,L,1,2,0,L,1,2,0
BOU,WOL,122,2019-11-23T09:00:00Z,L,1,2,0,L,1,2,0,L,1,2,0
BOU,TOT,135,2019-11-30T09:00:00Z,L,2,3,0,L,0,2,0,L,1,3,0
BOU,CP,141,2019-12-03T13:30:00Z,L,0,1,0,D,0,0,1,D,0,0,1
BOU,LIV,152,2019-12-07T09:00:00Z,L,0,3,0,L,0,3,0,L,0,3,0
BOU,CHE,163,2019-12-14T09:00:00Z,W,1,0,3,D,0,0,1,D,0,0,1
BOU,BUR,172,2019-12-21T09:00:00Z,L,0,1,0,D,0,0,1,D,0,0,1
BOU,ARS,181,2019-12-26T09:00:00Z,D,1,1,1,W,1,0,3,D,1,1,1
BOU,BHA,190,2019-12-28T06:30:00Z,L,0,2,0,L,0,1,0,L,0,1,0
BOU,WHU,207,2020-01-01T11:30:00Z,L,0,4,0,L,0,3,0,L,0,4,0
BOU,WAT,218,2020-01-12T08:00:00Z,L,0,3,0,L,0,1,0,L,0,2,0
BOU,NOR,224,2020-01-18T09:00:00Z,L,0,1,0,L,0,1,0,L,0,1,0
BOU,BHA,230,2020-01-21T13:30:00Z,W,3,1,3,W,2,0,3,W,3,0,3
BOU,AVL,242,2020-02-01T09:00:00Z,W,2,1,3,W,2,0,3,W,2,1,3
BOU,SHU,253,2020-02-09T08:00:00Z,L,1,2,0,D,1,1,1,D,1,1,1
BOU,BUR,262,2020-02-22T09:00:00Z,L,0,3,0,L,0,1,0,L,0,2,0
BOU,CHE,273,2020-02-29T09:00:00Z,D,2,2,1,W,2,1,3,W,2,1,3
BOU,LIV,279,2020-03-07T06:30:00Z,L,1,2,0,L,1,2,0,L,1,2,0
BHA,WAT,6,2019-08-10T09:00:00Z,W,3,0,3,W,1,0,3,W,2,0,3
BHA,WHU,13,2019-08-17T09:00:00Z,D,1,1,1,D,0,0,1,D,1,1,1
BHA,SOU,23,2019-08-24T09:00:00Z,L,0,2,0,L,0,1,0,L,0,1,0
BHA,MC,35,2019-08-31T09:00:00Z,L,0,4,0,L,0,3,0,L,0,3,0
BHA,BUR,42,2019-09-14T09:00:00Z,D,1,1,1,W,1,0,3,W,1,0,3
BHA,NEW,56,2019-09-21T11:30:00Z,D,0,0,1,D,0,0,1,D,0,0,1
BHA,CHE,64,2019-09-28T09:00:00Z,L,0,2,0,L,0,1,0,L,0,1,0
BHA,TOT,71,2019-10-05T06:30:00Z,W,3,0,3,W,2,0,3,W,3,0,3
BHA,AVL,83,2019-10-19T09:00:00Z,L,1,2,0,D,1,1,1,D,1,1,1
BHA,EVE,93,2019-10-26T09:00:00Z,W,3,2,3,D,1,1,1,L,1,2,0
BHA,NOR,104,2019-11-02T10:00:00Z,W,2,0,3,D,0,0,1,W,1,0,3
BHA,MU,118,2019-11-10T08:00:00Z,L,1,3,0,L,0,2,0,L,1,3,0
BHA,LC,124,2019-11-23T09:00:00Z,L,0,2,0,D,0,0,1,L,0,1,0
BHA,LIV,134,2019-11-30T09:00:00Z,L,1,2,0,L,0,2,0,L,0,2,0
BHA,ARS,150,2019-12-05T14:15:00Z,W,2,1,3,D,1,1,1,D,1,1,1
BHA,WOL,159,2019-12-08T10:30:00Z,D,2,2,1,D,2,2,1,D,2,2,1
BHA,CP,170,2019-12-16T13:45:00Z,D,1,1,1,W,1,0,3,W,1,0,3
BHA,SHU,174,2019-12-21T09:00:00Z,L,0,1,0,L,0,1,0,L,0,1,0
BHA,TOT,180,2019-12-26T06:30:00Z,L,1,2,0,D,1,1,1,L,1,2,0
BHA,BOU,190,2019-12-28T06:30:00Z,W,2,0,3,W,1,0,3,W,1,0,3
BHA,CHE,200,2020-01-01T06:30:00Z,D,1,1,1,L,0,1,0,L,0,1,0
BHA,EVE,213,2020-01-11T09:00:00Z,L,0,1,0,L,0,1,0,L,0,1,0
BHA,AVL,222,2020-01-18T09:00:00Z,D,1,1,1,W,1,0,3,D,1,1,1
BHA,BOU,230,2020-01-21T13:30:00Z,L,1,3,0,L,0,2,0,L,0,3,0
BHA,WHU,247,2020-02-01T09:00:00Z,D,3,3,1,L,1,3,0,L,2,3,0
BHA,WAT,252,2020-02-08T11:30:00Z,D,1,1,1,L,0,1,0,L,0,1,0
BHA,SHU,264,2020-02-22T09:00:00Z,D,1,1,1,D,1,1,1,D,1,1,1
BHA,CP,272,2020-02-29T06:30:00Z,L,0,1,0,D,0,0,1,L,0,1,0
BHA,WOL,284,2020-03-07T09:00:00Z,D,0,0,1,D,0,0,1,D,0,0,1
BUR,SOU,4,2019-08-10T09:00:00Z,W,3,0,3,D,0,0,1,W,3,0,3
BUR,ARS,11,2019-08-17T06:30:00Z,L,1,2,0,D,1,1,1,L,1,2,0
BUR,WOL,30,2019-08-25T10:30:00Z,D,1,1,1,W,1,0,3,W,1,0,3
BUR,LIV,38,2019-08-31T11:30:00Z,L,0,3,0,L,0,2,0,L,0,2,0
BUR,BHA,42,2019-09-14T09:00:00Z,D,1,1,1,L,0,1,0,L,0,1,0
BUR,NOR,53,2019-09-21T09:00:00Z,W,2,0,3,W,2,0,3,W,2,0,3
BUR,AVL,63,2019-09-28T09:00:00Z,D,2,2,1,L,0,1,0,D,1,1,1
BUR,EVE,72,2019-10-05T09:00:00Z,W,1,0,3,D,0,0,1,W,1,0,3
BUR,LC,85,2019-10-19T09:00:00Z,L,1,2,0,D,1,1,1,L,1,2,0
BUR,CHE,96,2019-10-26T11:30:00Z,L,2,4,0,L,0,4,0,L,0,4,0
BUR,SHU,106,2019-11-02T10:00:00Z,L,0,3,0,L,0,3,0,L,0,3,0
BUR,WHU,113,2019-11-09T09:00:00Z,W,3,0,3,W,3,0,3,W,3,0,3
BUR,WAT,127,2019-11-23T09:00:00Z,W,3,0,3,W,1,0,3,W,1,0,3
BUR,CP,132,2019-11-30T09:00:00Z,L,0,2,0,L,0,1,0,L,0,1,0
BUR,MC,142,2019-12-03T14:15:00Z,L,1,4,0,L,0,1,0,L,0,2,0
BUR,TOT,153,2019-12-07T09:00:00Z,L,0,5,0,L,0,4,0,L,0,5,0
BUR,NEW,162,2019-12-14T09:00:00Z,W,1,0,3,W,1,0,3,W,1,0,3
BUR,BOU,172,2019-12-21T09:00:00Z,W,1,0,3,D,0,0,1,D,0,0,1
BUR,EVE,185,2019-12-26T09:00:00Z,L,0,1,0,D,0,0,1,D,0,0,1
BUR,MU,196,2019-12-28T13:45:00Z,L,0,2,0,L,0,1,0,L,0,1,0
BUR,AVL,201,2020-01-01T06:30:00Z,L,1,2,0,L,0,2,0,L,0,2,0
BUR,CHE,212,2020-01-11T09:00:00Z,L,0,3,0,L,0,3,0,L,0,3,0
BUR,LC,228,2020-01-19T08:00:00Z,W,2,1,3,D,1,1,1,D,1,1,1
BUR,MU,238,2020-01-22T14:15:00Z,W,2,0,3,W,2,0,3,W,2,0,3
BUR,ARS,249,2020-02-02T08:00:00Z,D,0,0,1,D,0,0,1,D,0,0,1
BUR,SOU,255,2020-02-15T06:30:00Z,W,2,1,3,W,2,1,3,W,2,1,3
BUR,BOU,262,2020-02-22T09:00:00Z,W,3,0,3,W,1,0,3,W,2,0,3
BUR,NEW,274,2020-02-29T09:00:00Z,D,0,0,1,D,0,0,1,D,0,0,1
BUR,TOT,285,2020-03-07T11:30:00Z,D,1,1,1,D,1,1,1,D,1,1,1
CHE,MU,10,2019-08-11T10:30:00Z,L,0,4,0,L,0,1,0,L,0,3,0
CHE,LC,19,2019-08-18T10:30:00Z,D,1,1,1,W,1,0,3,D,1,1,1
CHE,NOR,22,2019-08-24T06:30:00Z,W,3,2,3,D,2,2,1,W,3,2,3
CHE,SHU,32,2019-08-31T09:00:00Z,D,2,2,1,W,2,1,3,W,2,1,3
CHE,WOL,46,2019-09-14T09:00:00Z,W,5,2,3,W,4,0,3,W,4,1,3
CHE,LIV,60,2019-09-22T10:30:00Z,L,1,2,0,L,0,2,0,L,1,2,0
CHE,BHA,64,2019-09-28T09:00:00Z,W,2,0,3,W,1,0,3,W,1,0,3
CHE,SOU,79,2019-10-06T08:00:00Z,W,4,1,3,W,3,1,3,W,3,1,3
CHE,NEW,84,2019-10-19T09:00:00Z,W,1,0,3,D,0,0,1,W,1,0,3
CHE,BUR,96,2019-10-26T11:30:00Z,W,4,2,3,W,4,0,3,W,4,0,3
CHE,WAT,108,2019-11-02T12:30:00Z,W,2,1,3,W,2,0,3,W,2,0,3
CHE,CP,112,2019-11-09T06:30:00Z,W,2,0,3,W,1,0,3,W,1,0,3
CHE,MC,128,2019-11-23T11:30:00Z,L,1,2,0,L,1,2,0,L,1,2,0
CHE,WHU,133,2019-11-30T09:00:00Z,L,0,1,0,L,0,1,0,L,0,1,0
CHE,AVL,146,2019-12-04T13:30:00Z,W,2,1,3,W,2,1,3,W,2,1,3
CHE,EVE,151,2019-12-07T06:30:00Z,L,1,3,0,L,1,2,0,L,1,2,0
CHE,BOU,163,2019-12-14T09:00:00Z,L,0,1,0,D,0,0,1,D,0,0,1
CHE,TOT,179,2019-12-22T10:30:00Z,W,2,0,3,W,2,0,3,W,2,0,3
CHE,SOU,183,2019-12-26T09:00:00Z,L,0,2,0,L,0,1,0,L,0,2,0
CHE,ARS,197,2019-12-29T08:00:00Z,W,2,1,3,L,0,1,0,L,0,1,0
CHE,BHA,200,2020-01-01T06:30:00Z,D,1,1,1,W,1,0,3,W,1,0,3
CHE,BUR,212,2020-01-11T09:00:00Z,W,3,0,3,W,3,0,3,W,3,0,3
CHE,NEW,227,2020-01-18T11:30:00Z,L,0,1,0,D,0,0,1,D,0,0,1
CHE,ARS,235,2020-01-21T14:15:00Z,D,2,2,1,W,1,0,3,D,1,1,1
CHE,LC,241,2020-02-01T06:30:00Z,D,2,2,1,D,1,1,1,D,2,2,1
CHE,MU,259,2020-02-17T14:00:00Z,L,0,2,0,L,0,1,0,L,0,2,0
CHE,TOT,261,2020-02-22T06:30:00Z,W,2,1,3,W,2,0,3,W,2,0,3
CHE,BOU,273,2020-02-29T09:00:00Z,D,2,2,1,L,1,2,0,L,1,2,0
CHE,EVE,286,2020-03-08T09:00:00Z,W,4,0,3,W,4,0,3,W,4,0,3
CP,EVE,5,2019-08-10T09:00:00Z,D,0,0,1,D,0,0,1,D,0,0,1
CP,SHU,18,2019-08-18T08:00:00Z,L,0,1,0,L,0,1,0,L,0,1,0
CP,MU,24,2019-08-24T09:00:00Z,W,2,1,3,W,1,0,3,W,1,0,3
CP,AVL,33,2019-08-31T09:00:00Z,W,1,0,3,D,0,0,1,W,1,0,3
CP,TOT,45,2019-09-14T09:00:00Z,L,0,4,0,L,0,4,0,L,0,4,0
CP,WOL,57,2019-09-22T08:00:00Z,D,1,1,1,W,1,0,3,W,1,0,3
CP,NOR,65,2019-09-28T09:00:00Z,W,2,0,3,W,1,0,3,W,1,0,3
CP,WHU,76,2019-10-05T11:30:00Z,W,2,1,3,L,0,1,0,D,1,1,1
CP,MC,88,2019-10-19T11:30:00Z,L,0,2,0,L,0,2,0,L,0,2,0
CP,ARS,98,2019-10-27T11:30:00Z,D,2,2,1,D,2,2,1,D,2,2,1
CP,LC,109,2019-11-03T08:00:00Z,L,0,2,0,L,0,1,0,L,0,1,0
CP,CHE,112,2019-11-09T06:30:00Z,L,0,2,0,L,0,1,0,L,0,1,0
CP,LIV,125,2019-11-23T09:00:00Z,L,1,2,0,L,0,1,0,L,0,1,0
CP,BUR,132,2019-11-30T09:00:00Z,W,2,0,3,W,1,0,3,W,1,0,3
CP,BOU,141,2019-12-03T13:30:00Z,W,1,0,3,D,0,0,1,D,0,0,1
CP,WAT,154,2019-12-07T09:00:00Z,D,0,0,1,D,0,0,1,D,0,0,1
CP,BHA,170,2019-12-16T13:45:00Z,D,1,1,1,L,0,1,0,L,0,1,0
CP,NEW,175,2019-12-21T09:00:00Z,L,0,1,0,D,0,0,1,D,0,0,1
CP,WHU,184,2019-12-26T09:00:00Z,W,2,1,3,L,0,1,0,D,1,1,1
CP,SOU,192,2019-12-28T09:00:00Z,D,1,1,1,W,1,0,3,D,1,1,1
CP,NOR,206,2020-01-01T11:30:00Z,D,1,1,1,L,0,1,0,L,0,1,0
CP,ARS,211,2020-01-11T06:30:00Z,D,1,1,1,D,1,1,1,D,1,1,1
CP,MC,223,2020-01-18T09:00:00Z,D,2,2,1,W,1,0,3,W,1,0,3
CP,SOU,234,2020-01-21T13:30:00Z,L,0,2,0,L,0,2,0,L,0,2,0
CP,SHU,243,2020-02-01T09:00:00Z,L,0,1,0,L,0,1,0,L,0,1,0
CP,EVE,251,2020-02-08T06:30:00Z,L,1,3,0,L,1,2,0,L,1,2,0
CP,NEW,263,2020-02-22T09:00:00Z,W,1,0,3,W,1,0,3,W,1,0,3
CP,BHA,272,2020-02-29T06:30:00Z,W,1,0,3,D,0,0,1,W,1,0,3
CP,WAT,281,2020-03-07T09:00:00Z,W,1,0,3,W,1,0,3,W,1,0,3
EVE,CP,5,2019-08-10T09:00:00Z,D,0,0,1,D,0,0,1,D,0,0,1
EVE,WAT,14,2019-08-17T09:00:00Z,W,1,0,3,W,1,0,3,W,1,0,3
EVE,AVL,21,2019-08-23T14:00:00Z,L,0,2,0,L,0,1,0,L,0,1,0
EVE,WOL,39,2019-09-01T08:00:00Z,W,3,2,3,W,2,1,3,D,2,2,1
EVE,BOU,48,2019-09-15T08:00:00Z,L,1,3,0,D,1,1,1,L,1,3,0
EVE,SHU,54,2019-09-21T09:00:00Z,L,0,2,0,L,0,1,0,L,0,1,0
EVE,MC,68,2019-09-28T11:30:00Z,L,1,3,0,D,1,1,1,L,1,2,0
EVE,BUR,72,2019-10-05T09:00:00Z,L,0,1,0,D,0,0,1,L,0,1,0
EVE,WHU,81,2019-10-19T06:30:00Z,W,2,0,3,W,1,0,3,W,1,0,3
EVE,BHA,93,2019-10-26T09:00:00Z,L,2,3,0,D,1,1,1,W,2,1,3
EVE,TOT,110,2019-11-03T10:30:00Z,D,1,1,1,D,0,0,1,L,0,1,0
EVE,SOU,115,2019-11-09T09:00:00Z,W,2,1,3,D,1,1,1,W,2,1,3
EVE,NOR,126,2019-11-23T09:00:00Z,L,0,2,0,L,0,1,0,L,0,1,0
EVE,LC,139,2019-12-01T10:30:00Z,L,1,2,0,W,1,0,3,D,1,1,1
EVE,LIV,148,2019-12-04T14:15:00Z,L,2,5,0,L,2,4,0,L,2,4,0
EVE,CHE,151,2019-12-07T06:30:00Z,W,3,1,3,W,2,1,3,W,2,1,3
EVE,MU,167,2019-12-15T08:00:00Z,D,1,1,1,W,1,0,3,W,1,0,3
EVE,ARS,171,2019-12-21T06:30:00Z,D,0,0,1,D,0,0,1,D,0,0,1
EVE,BUR,185,2019-12-26T09:00:00Z,W,1,0,3,D,0,0,1,D,0,0,1
EVE,NEW,191,2019-12-28T09:00:00Z,W,2,1,3,D,1,1,1,W,2,1,3
EVE,MC,205,2020-01-01T11:30:00Z,L,1,2,0,L,0,2,0,L,1,2,0
EVE,BHA,213,2020-01-11T09:00:00Z,W,1,0,3,W,1,0,3,W,1,0,3
EVE,WHU,226,2020-01-18T09:00:00Z,D,1,1,1,D,1,1,1,D,1,1,1
EVE,NEW,232,2020-01-21T13:30:00Z,D,2,2,1,W,2,0,3,W,2,0,3
EVE,WAT,246,2020-02-01T09:00:00Z,W,3,2,3,D,2,2,1,D,2,2,1
EVE,CP,251,2020-02-08T06:30:00Z,W,3,1,3,W,2,1,3,W,2,1,3
EVE,ARS,269,2020-02-23T10:30:00Z,L,2,3,0,L,2,3,0,L,2,3,0
EVE,MU,277,2020-03-01T08:00:00Z,D,1,1,1,D,1,1,1,D,1,1,1
EVE,CHE,286,2020-03-08T09:00:00Z,L,0,4,0,L,0,4,0,L,0,4,0
LC,WOL,8,2019-08-11T08:00:00Z,D,0,0,1,D,0,0,1,D,0,0,1
LC,CHE,19,2019-08-18T10:30:00Z,D,1,1,1,L,0,1,0,D,1,1,1
LC,SHU,25,2019-08-24T09:00:00Z,W,2,1,3,W,1,0,3,W,2,1,3
LC,BOU,34,2019-08-31T09:00:00Z,W,3,1,3,W,2,1,3,W,3,1,3
LC,MU,43,2019-09-14T09:00:00Z,L,0,1,0,L,0,1,0,L,0,1,0
LC,TOT,52,2019-09-21T06:30:00Z,W,2,1,3,L,0,1,0,D,1,1,1
LC,NEW,69,2019-09-29T10:30:00Z,W,5,0,3,W,3,0,3,W,4,0,3
LC,LIV,73,2019-10-05T09:00:00Z,L,1,2,0,L,0,1,0,L,0,1,0
LC,BUR,85,2019-10-19T09:00:00Z,W,2,1,3,D,1,1,1,W,2,1,3
LC,SOU,91,2019-10-25T14:00:00Z,W,9,0,3,W,7,0,3,W,7,0,3
LC,CP,109,2019-11-03T08:00:00Z,W,2,0,3,W,1,0,3,W,1,0,3
LC,ARS,117,2019-11-09T11:30:00Z,W,2,0,3,D,0,0,1,W,2,0,3
LC,BHA,124,2019-11-23T09:00:00Z,W,2,0,3,D,0,0,1,W,1,0,3
LC,EVE,139,2019-12-01T10:30:00Z,W,2,1,3,L,0,1,0,D,1,1,1
LC,WAT,143,2019-12-04T13:30:00Z,W,2,0,3,W,1,0,3,W,1,0,3
LC,AVL,156,2019-12-08T08:00:00Z,W,4,1,3,W,3,1,3,W,4,1,3
LC,NOR,164,2019-12-14T09:00:00Z,D,1,1,1,D,1,1,1,D,1,1,1
LC,MC,177,2019-12-21T11:30:00Z,L,1,3,0,L,1,2,0,L,1,3,0
LC,LIV,188,2019-12-26T14:00:00Z,L,0,4,0,L,0,1,0,L,0,3,0
LC,WHU,195,2019-12-28T11:30:00Z,W,2,1,3,W,2,1,3,W,2,1,3
LC,NEW,202,2020-01-01T09:00:00Z,W,3,0,3,W,2,0,3,W,2,0,3
LC,SOU,214,2020-01-11T09:00:00Z,L,1,2,0,D,1,1,1,D,1,1,1
LC,BUR,228,2020-01-19T08:00:00Z,L,1,2,0,D,1,1,1,D,1,1,1
LC,WHU,236,2020-01-22T13:30:00Z,W,4,1,3,W,2,1,3,W,2,1,3
LC,CHE,241,2020-02-01T06:30:00Z,D,2,2,1,D,1,1,1,D,2,2,1
LC,WOL,254,2020-02-14T14:00:00Z,D,0,0,1,D,0,0,1,D,0,0,1
LC,MC,266,2020-02-22T11:30:00Z,L,0,1,0,D,0,0,1,D,0,0,1
LC,NOR,271,2020-02-28T14:00:00Z,L,0,1,0,D,0,0,1,L,0,1,0
LC,AVL,288,2020-03-09T15:00:00Z,W,4,0,3,W,1,0,3,W,2,0,3
LIV,NOR,1,2019-08-09T14:00:00Z,W,4,1,3,W,4,0,3,W,4,1,3
LIV,SOU,16,2019-08-17T09:00:00Z,W,2,1,3,W,1,0,3,W,2,0,3
LIV,ARS,27,2019-08-24T11:30:00Z,W,3,1,3,W,3,0,3,W,3,0,3
LIV,BUR,38,2019-08-31T11:30:00Z,W,3,0,3,W,2,0,3,W,2,0,3
LIV,NEW,41,2019-09-14T06:30:00Z,W,3,1,3,W,2,1,3,W,3,1,3
LIV,CHE,60,2019-09-22T10:30:00Z,W,2,1,3,W,2,0,3,W,2,1,3
LIV,SHU,61,2019-09-28T06:30:00Z,W,1,0,3,D,0,0,1,W,1,0,3
LIV,LC,73,2019-10-05T09:00:00Z,W,2,1,3,W,1,0,3,W,1,0,3
LIV,MU,89,2019-10-20T10:30:00Z,D,1,1,1,L,0,1,0,L,0,1,0
LIV,TOT,99,2019-10-27T11:30:00Z,W,2,1,3,D,1,1,1,W,2,1,3
LIV,AVL,103,2019-11-02T10:00:00Z,W,2,1,3,L,0,1,0,L,0,1,0
LIV,MC,120,2019-11-10T10:30:00Z,W,3,1,3,W,3,0,3,W,3,0,3
LIV,CP,125,2019-11-23T09:00:00Z,W,2,1,3,W,1,0,3,W,1,0,3
LIV,BHA,134,2019-11-30T09:00:00Z,W,2,1,3,W,2,0,3,W,2,0,3
LIV,EVE,148,2019-12-04T14:15:00Z,W,5,2,3,W,4,2,3,W,4,2,3
LIV,BOU,152,2019-12-07T09:00:00Z,W,3,0,3,W,3,0,3,W,3,0,3
LIV,WAT,161,2019-12-14T06:30:00Z,W,2,0,3,W,1,0,3,W,1,0,3
LIV,LC,188,2019-12-26T14:00:00Z,W,4,0,3,W,1,0,3,W,3,0,3
LIV,WOL,198,2019-12-29T10:30:00Z,W,1,0,3,W,1,0,3,W,1,0,3
LIV,SHU,209,2020-01-02T14:00:00Z,W,2,0,3,W,1,0,3,W,2,0,3
LIV,TOT,217,2020-01-11T11:30:00Z,W,1,0,3,W,1,0,3,W,1,0,3
LIV,MU,229,2020-01-19T10:30:00Z,W,2,0,3,W,1,0,3,W,1,0,3
LIV,WOL,239,2020-01-23T14:00:00Z,W,2,1,3,D,1,1,1,D,1,1,1
LIV,WHU,240,2020-01-29T13:45:00Z,W,2,0,3,W,2,0,3,W,2,0,3
LIV,SOU,244,2020-02-01T09:00:00Z,W,4,0,3,W,2,0,3,W,3,0,3
LIV,NOR,256,2020-02-15T11:30:00Z,W,1,0,3,D,0,0,1,D,0,0,1
LIV,WHU,270,2020-02-24T14:00:00Z,W,3,2,3,L,1,2,0,D,2,2,1
LIV,WAT,276,2020-02-29T11:30:00Z,L,0,3,0,L,0,2,0,L,0,3,0
LIV,BOU,279,2020-03-07T06:30:00Z,W,2,1,3,W,2,1,3,W,2,1,3
MC,WHU,2,2019-08-10T06:30:00Z,W,5,0,3,W,2,0,3,W,3,0,3
MC,TOT,17,2019-08-17T11:30:00Z,D,2,2,1,D,2,2,1,D,2,2,1
MC,BOU,28,2019-08-25T08:00:00Z,W,3,1,3,W,2,1,3,W,3,1,3
MC,BHA,35,2019-08-31T09:00:00Z,W,4,0,3,W,3,0,3,W,3,0,3
MC,NOR,47,2019-09-14T11:30:00Z,L,2,3,0,L,1,3,0,L,1,3,0
MC,WAT,55,2019-09-21T09:00:00Z,W,8,0,3,W,7,0,3,W,7,0,3
MC,EVE,68,2019-09-28T11:30:00Z,W,3,1,3,D,1,1,1,W,2,1,3
MC,WOL,78,2019-10-06T08:00:00Z,L,0,2,0,D,0,0,1,D,0,0,1
MC,CP,88,2019-10-19T11:30:00Z,W,2,0,3,W,2,0,3,W,2,0,3
MC,AVL,92,2019-10-26T06:30:00Z,W,3,0,3,W,1,0,3,W,3,0,3
MC,SOU,105,2019-11-02T10:00:00Z,W,2,1,3,L,0,1,0,D,1,1,1
MC,LIV,120,2019-11-10T10:30:00Z,L,1,3,0,L,0,3,0,L,0,3,0
MC,CHE,128,2019-11-23T11:30:00Z,W,2,1,3,W,2,1,3,W,2,1,3
MC,NEW,131,2019-11-30T06:30:00Z,D,2,2,1,D,1,1,1,D,1,1,1
MC,BUR,142,2019-12-03T14:15:00Z,W,4,1,3,W,1,0,3,W,2,0,3
MC,MU,155,2019-12-07T11:30:00Z,L,1,2,0,L,0,2,0,L,0,2,0
MC,ARS,169,2019-12-15T10:30:00Z,W,3,0,3,W,3,0,3,W,3,0,3
MC,LC,177,2019-12-21T11:30:00Z,W,3,1,3,W,2,1,3,W,3,1,3
MC,WOL,189,2019-12-27T13:45:00Z,L,2,3,0,W,2,1,3,W,2,1,3
MC,SHU,199,2019-12-29T12:00:00Z,W,2,0,3,W,1,0,3,W,1,0,3
MC,EVE,205,2020-01-01T11:30:00Z,W,2,1,3,W,2,0,3,W,2,1,3
MC,AVL,219,2020-01-12T09:30:00Z,W,6,1,3,W,5,0,3,W,5,0,3
MC,CP,223,2020-01-18T09:00:00Z,D,2,2,1,L,0,1,0,L,0,1,0
MC,SHU,233,2020-01-21T13:30:00Z,W,1,0,3,D,0,0,1,W,1,0,3
MC,TOT,250,2020-02-02T10:30:00Z,L,0,2,0,D,0,0,1,L,0,2,0
MC,WHU,260,2020-02-19T13:30:00Z,W,2,0,3,W,1,0,3,W,2,0,3
MC,LC,266,2020-02-22T11:30:00Z,W,1,0,3,D,0,0,1,D,0,0,1
MC,MU,287,2020-03-08T11:30:00Z,L,0,2,0,L,0,1,0,L,0,1,0
MU,CHE,10,2019-08-11T10:30:00Z,W,4,0,3,W,1,0,3,W,3,0,3
MU,WOL,20,2019-08-19T14:00:00Z,D,1,1,1,D,1,1,1,D,1,1,1
MU,CP,24,2019-08-24T09:00:00Z,L,1,2,0,L,0,1,0,L,0,1,0
MU,SOU,31,2019-08-31T06:30:00Z,D,1,1,1,D,1,1,1,D,1,1,1
MU,LC,43,2019-09-14T09:00:00Z,W,1,0,3,W,1,0,3,W,1,0,3
MU,WHU,58,2019-09-22T08:00:00Z,L,0,2,0,L,0,1,0,L,0,1,0
MU,ARS,70,2019-09-30T14:00:00Z,D,1,1,1,D,1,1,1,D,1,1,1
MU,NEW,80,2019-10-06T10:30:00Z,L,0,1,0,D,0,0,1,L,0,1,0
MU,LIV,89,2019-10-20T10:30:00Z,D,1,1,1,W,1,0,3,W,1,0,3
MU,NOR,100,2019-10-27T11:30:00Z,W,3,1,3,W,2,0,3,W,3,0,3
MU,BOU,101,2019-11-02T07:30:00Z,L,0,1,0,L,0,1,0,L,0,1,0
MU,BHA,118,2019-11-10T08:00:00Z,W,3,1,3,W,2,0,3,W,3,1,3
MU,SHU,129,2019-11-24T10:30:00Z,D,3,3,1,L,0,2,0,L,1,2,0
MU,AVL,140,2019-12-01T10:30:00Z,D,2,2,1,D,1,1,1,D,2,2,1
MU,TOT,145,2019-12-04T13:30:00Z,W,2,1,3,W,2,1,3,W,2,1,3
MU,MC,155,2019-12-07T11:30:00Z,W,2,1,3,W,2,0,3,W,2,0,3
MU,EVE,167,2019-12-15T08:00:00Z,D,1,1,1,L,0,1,0,L,0,1,0
MU,WAT,178,2019-12-22T08:00:00Z,L,0,2,0,L,0,2,0,L,0,2,0
MU,NEW,187,2019-12-26T11:30:00Z,W,4,1,3,W,4,1,3,W,4,1,3
MU,BUR,196,2019-12-28T13:45:00Z,W,2,0,3,W,1,0,3,W,1,0,3
MU,ARS,208,2020-01-01T14:00:00Z,L,0,2,0,L,0,2,0,L,0,2,0
MU,NOR,215,2020-01-11T09:00:00Z,W,4,0,3,W,3,0,3,W,3,0,3
MU,LIV,229,2020-01-19T10:30:00Z,L,0,2,0,L,0,1,0,L,0,1,0
MU,BUR,238,2020-01-22T14:15:00Z,L,0,2,0,L,0,2,0,L,0,2,0
MU,WOL,248,2020-02-01T11:30:00Z,D,0,0,1,D,0,0,1,D,0,0,1
MU,CHE,259,2020-02-17T14:00:00Z,W,2,0,3,W,1,0,3,W,2,0,3
MU,WAT,267,2020-02-23T08:00:00Z,W,3,0,3,W,2,0,3,W,3,0,3
MU,EVE,277,2020-03-01T08:00:00Z,D,1,1,1,D,1,1,1,D,1,1,1
MU,MC,287,2020-03-08T11:30:00Z,W,2,0,3,W,1,0,3,W,1,0,3
NEW,ARS,9,2019-08-11T08:00:00Z,L,0,1,0,L,0,1,0,L,0,1,0
NEW,NOR,15,2019-08-17T09:00:00Z,L,1,3,0,L,0,1,0,L,0,3,0
NEW,TOT,29,2019-08-25T10:30:00Z,W,1,0,3,W,1,0,3,W,1,0,3
NEW,WAT,36,2019-08-31T09:00:00Z,D,1,1,1,D,1,1,1,D,1,1,1
NEW,LIV,41,2019-09-14T06:30:00Z,L,1,3,0,L,1,2,0,L,1,3,0
NEW,BHA,56,2019-09-21T11:30:00Z,D,0,0,1,D,0,0,1,D,0,0,1
NEW,LC,69,2019-09-29T10:30:00Z,L,0,5,0,L,0,3,0,L,0,4,0
NEW,MU,80,2019-10-06T10:30:00Z,W,1,0,3,D,0,0,1,W,1,0,3
NEW,CHE,84,2019-10-19T09:00:00Z,L,0,1,0,D,0,0,1,L,0,1,0
NEW,WOL,97,2019-10-27T09:00:00Z,D,1,1,1,W,1,0,3,D,1,1,1
NEW,WHU,107,2019-11-02T10:00:00Z,W,3,2,3,W,3,0,3,W,3,1,3
NEW,BOU,114,2019-11-09T09:00:00Z,W,2,1,3,W,2,1,3,W,2,1,3
NEW,AVL,130,2019-11-25T14:00:00Z,L,0,2,0,L,0,2,0,L,0,2,0
NEW,MC,131,2019-11-30T06:30:00Z,D,2,2,1,D,1,1,1,D,1,1,1
NEW,SHU,149,2019-12-05T13:30:00Z,W,2,0,3,W,1,0,3,W,2,0,3
NEW,SOU,157,2019-12-08T08:00:00Z,W,2,1,3,L,0,1,0,D,1,1,1
NEW,BUR,162,2019-12-14T09:00:00Z,L,0,1,0,L,0,1,0,L,0,1,0
NEW,CP,175,2019-12-21T09:00:00Z,W,1,0,3,D,0,0,1,D,0,0,1
NEW,MU,187,2019-12-26T11:30:00Z,L,1,4,0,L,1,4,0,L,1,4,0
NEW,EVE,191,2019-12-28T09:00:00Z,L,1,2,0,D,1,1,1,L,1,2,0
NEW,LC,202,2020-01-01T09:00:00Z,L,0,3,0,L,0,2,0,L,0,2,0
NEW,WOL,216,2020-01-11T09:00:00Z,D,1,1,1,D,1,1,1,D,1,1,1
NEW,CHE,227,2020-01-18T11:30:00Z,W,1,0,3,D,0,0,1,D,0,0,1
NEW,EVE,232,2020-01-21T13:30:00Z,D,2,2,1,L,0,2,0,L,0,2,0
NEW,NOR,245,2020-02-01T09:00:00Z,D,0,0,1,D,0,0,1,D,0,0,1
NEW,ARS,258,2020-02-16T10:30:00Z,L,0,4,0,L,0,2,0,L,0,2,0
NEW,CP,263,2020-02-22T09:00:00Z,L,0,1,0,L,0,1,0,L,0,1,0
NEW,BUR,274,2020-02-29T09:00:00Z,D,0,0,1,D,0,0,1,D,0,0,1
NEW,SOU,283,2020-03-07T09:00:00Z,W,1,0,3,D,0,0,1,D,0,0,1
NOR,LIV,1,2019-08-09T14:00:00Z,L,1,4,0,L,0,4,0,L,1,4,0
NOR,NEW,15,2019-08-17T09:00:00Z,W,3,1,3,W,1,0,3,W,3,0,3
NOR,CHE,22,2019-08-24T06:30:00Z,L,2,3,0,D,2,2,1,L,2,3,0
NOR,WHU,37,2019-08-31T09:00:00Z,L,0,2,0,L,0,2,0,L,0,2,0
NOR,MC,47,2019-09-14T11:30:00Z,W,3,2,3,W,3,1,3,W,3,1,3
NOR,BUR,53,2019-09-21T09:00:00Z,L,0,2,0,L,0,2,0,L,0,2,0
NOR,CP,65,2019-09-28T09:00:00Z,L,0,2,0,L,0,1,0,L,0,1,0
NOR,AVL,74,2019-10-05T09:00:00Z,L,1,5,0,L,0,3,0,L,0,4,0
NOR,BOU,82,2019-10-19T09:00:00Z,D,0,0,1,D,0,0,1,D,0,0,1
NOR,MU,100,2019-10-27T11:30:00Z,L,1,3,0,L,0,2,0,L,0,3,0
NOR,BHA,104,2019-11-02T10:00:00Z,L,0,2,0,D,0,0,1,L,0,1,0
NOR,WAT,111,2019-11-08T14:00:00Z,L,0,2,0,L,0,2,0,L,0,2,0
NOR,EVE,126,2019-11-23T09:00:00Z,W,2,0,3,W,1,0,3,W,1,0,3
NOR,ARS,137,2019-12-01T08:00:00Z,D,2,2,1,D,2,2,1,D,2,2,1
NOR,SOU,147,2019-12-04T13:30:00Z,L,1,2,0,L,0,2,0,L,1,2,0
NOR,SHU,158,2019-12-08T08:00:00Z,L,1,2,0,L,1,2,0,L,1,2,0
NOR,LC,164,2019-12-14T09:00:00Z,D,1,1,1,D,1,1,1,D,1,1,1
NOR,WOL,176,2019-12-21T09:00:00Z,L,1,2,0,D,1,1,1,D,1,1,1
NOR,AVL,182,2019-12-26T09:00:00Z,L,0,1,0,D,0,0,1,L,0,1,0
NOR,TOT,194,2019-12-28T11:30:00Z,D,2,2,1,D,1,1,1,W,2,1,3
NOR,CP,206,2020-01-01T11:30:00Z,D,1,1,1,W,1,0,3,W,1,0,3
NOR,MU,215,2020-01-11T09:00:00Z,L,0,4,0,L,0,3,0,L,0,3,0
NOR,BOU,224,2020-01-18T09:00:00Z,W,1,0,3,W,1,0,3,W,1,0,3
NOR,TOT,237,2020-01-22T13:30:00Z,L,1,2,0,L,0,1,0,D,1,1,1
NOR,NEW,245,2020-02-01T09:00:00Z,D,0,0,1,D,0,0,1,D,0,0,1
NOR,LIV,256,2020-02-15T11:30:00Z,L,0,1,0,D,0,0,1,D,0,0,1
NOR,WOL,268,2020-02-23T08:00:00Z,L,0,3,0,L,0,3,0,L,0,3,0
NOR,LC,271,2020-02-28T14:00:00Z,W,1,0,3,D,0,0,1,W,1,0,3
NOR,SHU,282,2020-03-07T09:00:00Z,L,0,1,0,L,0,1,0,L,0,1,0
SHU,BOU,3,2019-08-10T09:00:00Z,D,1,1,1,D,0,0,1,L,0,1,0
SHU,CP,18,2019-08-18T08:00:00Z,W,1,0,3,W,1,0,3,W,1,0,3
SHU,LC,25,2019-08-24T09:00:00Z,L,1,2,0,L,0,1,0,L,1,2,0
SHU,CHE,32,2019-08-31T09:00:00Z,D,2,2,1,L,1,2,0,L,1,2,0
SHU,SOU,44,2019-09-14T09:00:00Z,L,0,1,0,D,0,0,1,L,0,1,0
SHU,EVE,54,2019-09-21T09:00:00Z,W,2,0,3,W,1,0,3,W,1,0,3
SHU,LIV,61,2019-09-28T06:30:00Z,L,0,1,0,D,0,0,1,L,0,1,0
SHU,WAT,75,2019-10-05T09:00:00Z,D,0,0,1,D,0,0,1,D,0,0,1
SHU,ARS,90,2019-10-21T14:00:00Z,W,1,0,3,W,1,0,3,W,1,0,3
SHU,WHU,95,2019-10-26T09:00:00Z,D,1,1,1,L,0,1,0,D,1,1,1
SHU,BUR,106,2019-11-02T10:00:00Z,W,3,0,3,W,3,0,3,W,3,0,3
SHU,TOT,116,2019-11-09T09:00:00Z,D,1,1,1,L,0,1,0,L,0,1,0
SHU,MU,129,2019-11-24T10:30:00Z,D,3,3,1,W,2,0,3,W,2,1,3
SHU,WOL,138,2019-12-01T08:00:00Z,D,1,1,1,W,1,0,3,D,1,1,1
SHU,NEW,149,2019-12-05T13:30:00Z,L,0,2,0,L,0,1,0,L,0,2,0
SHU,NOR,158,2019-12-08T08:00:00Z,W,2,1,3,W,2,1,3,W,2,1,3
SHU,AVL,165,2019-12-14T09:00:00Z,W,2,0,3,W,1,0,3,W,2,0,3
SHU,BHA,174,2019-12-21T09:00:00Z,W,1,0,3,W,1,0,3,W,1,0,3
SHU,WAT,186,2019-12-26T09:00:00Z,D,1,1,1,D,1,1,1,D,1,1,1
SHU,MC,199,2019-12-29T12:00:00Z,L,0,2,0,L,0,1,0,L,0,1,0
SHU,LIV,209,2020-01-02T14:00:00Z,L,0,2,0,L,0,1,0,L,0,2,0
SHU,WHU,210,2020-01-10T14:00:00Z,W,1,0,3,W,1,0,3,W,1,0,3
SHU,ARS,221,2020-01-18T09:00:00Z,D,1,1,1,L,0,1,0,L,0,1,0
SHU,MC,233,2020-01-21T13:30:00Z,L,0,1,0,D,0,0,1,L,0,1,0
SHU,CP,243,2020-02-01T09:00:00Z,W,1,0,3,W,1,0,3,W,1,0,3
SHU,BOU,253,2020-02-09T08:00:00Z,W,2,1,3,D,1,1,1,D,1,1,1
SHU,BHA,264,2020-02-22T09:00:00Z,D,1,1,1,D,1,1,1,D,1,1,1
SHU,NOR,282,2020-03-07T09:00:00Z,W,1,0,3,W,1,0,3,W,1,0,3
SOU,BUR,4,2019-08-10T09:00:00Z,L,0,3,0,D,0,0,1,L,0,3,0
SOU,LIV,16,2019-08-17T09:00:00Z,L,1,2,0,L,0,1,0,L,0,2,0
SOU,BHA,23,2019-08-24T09:00:00Z,W,2,0,3,W,1,0,3,W,1,0,3
SOU,MU,31,2019-08-31T06:30:00Z,D,1,1,1,D,1,1,1,D,1,1,1
SOU,SHU,44,2019-09-14T09:00:00Z,W,1,0,3,D,0,0,1,W,1,0,3
SOU,BOU,51,2019-09-20T14:00:00Z,L,1,3,0,L,1,2,0,L,1,2,0
SOU,TOT,66,2019-09-28T09:00:00Z,L,1,2,0,L,1,2,0,L,1,2,0
SOU,CHE,79,2019-10-06T08:00:00Z,L,1,4,0,L,1,3,0,L,1,3,0
SOU,WOL,87,2019-10-19T09:00:00Z,D,1,1,1,W,1,0,3,D,1,1,1
SOU,LC,91,2019-10-25T14:00:00Z,L,0,9,0,L,0,7,0,L,0,7,0
SOU,MC,105,2019-11-02T10:00:00Z,L,1,2,0,W,1,0,3,D,1,1,1
SOU,EVE,115,2019-11-09T09:00:00Z,L,1,2,0,D,1,1,1,L,1,2,0
SOU,ARS,123,2019-11-23T09:00:00Z,D,2,2,1,D,1,1,1,W,2,1,3
SOU,WAT,136,2019-11-30T11:30:00Z,W,2,1,3,L,0,1,0,L,0,1,0
SOU,NOR,147,2019-12-04T13:30:00Z,W,2,1,3,W,2,0,3,W,2,1,3
SOU,NEW,157,2019-12-08T08:00:00Z,L,1,2,0,W,1,0,3,D,1,1,1
SOU,WHU,166,2019-12-14T11:30:00Z,L,0,1,0,L,0,1,0,L,0,1,0
SOU,AVL,173,2019-12-21T09:00:00Z,W,3,1,3,W,3,0,3,W,3,1,3
SOU,CHE,183,2019-12-26T09:00:00Z,W,2,0,3,W,1,0,3,W,2,0,3
SOU,CP,192,2019-12-28T09:00:00Z,D,1,1,1,L,0,1,0,D,1,1,1
SOU,TOT,203,2020-01-01T09:00:00Z,W,1,0,3,W,1,0,3,W,1,0,3
SOU,LC,214,2020-01-11T09:00:00Z,W,2,1,3,D,1,1,1,D,1,1,1
SOU,WOL,225,2020-01-18T09:00:00Z,L,2,3,0,W,2,1,3,D,2,2,1
SOU,CP,234,2020-01-21T13:30:00Z,W,2,0,3,W,2,0,3,W,2,0,3
SOU,LIV,244,2020-02-01T09:00:00Z,L,0,4,0,L,0,2,0,L,0,3,0
SOU,BUR,255,2020-02-15T06:30:00Z,L,1,2,0,L,1,2,0,L,1,2,0
SOU,AVL,265,2020-02-22T09:00:00Z,W,2,0,3,W,1,0,3,W,1,0,3
SOU,WHU,275,2020-02-29T09:00:00Z,L,1,3,0,L,1,3,0,L,1,3,0
SOU,NEW,283,2020-03-07T09:00:00Z,L,0,1,0,D,0,0,1,D,0,0,1
TOT,AVL,7,2019-08-10T11:30:00Z,W,3,1,3,L,0,1,0,D,1,1,1
TOT,MC,17,2019-08-17T11:30:00Z,D,2,2,1,D,2,2,1,D,2,2,1
TOT,NEW,29,2019-08-25T10:30:00Z,L,0,1,0,L,0,1,0,L,0,1,0
TOT,ARS,40,2019-09-01T10:30:00Z,D,2,2,1,W,2,1,3,D,2,2,1
TOT,CP,45,2019-09-14T09:00:00Z,W,4,0,3,W,4,0,3,W,4,0,3
TOT,LC,52,2019-09-21T06:30:00Z,L,1,2,0,W,1,0,3,D,1,1,1
TOT,SOU,66,2019-09-28T09:00:00Z,W,2,1,3,W,2,1,3,W,2,1,3
TOT,BHA,71,2019-10-05T06:30:00Z,L,0,3,0,L,0,2,0,L,0,3,0
TOT,WAT,86,2019-10-19T09:00:00Z,D,1,1,1,L,0,1,0,L,0,1,0
TOT,LIV,99,2019-10-27T11:30:00Z,L,1,2,0,D,1,1,1,L,1,2,0
TOT,EVE,110,2019-11-03T10:30:00Z,D,1,1,1,D,0,0,1,W,1,0,3
TOT,SHU,116,2019-11-09T09:00:00Z,D,1,1,1,W,1,0,3,W,1,0,3
TOT,WHU,121,2019-11-23T06:30:00Z,W,3,2,3,W,3,0,3,W,3,1,3
TOT,BOU,135,2019-11-30T09:00:00Z,W,3,2,3,W,2,0,3,W,3,1,3
TOT,MU,145,2019-12-04T13:30:00Z,L,1,2,0,L,1,2,0,L,1,2,0
TOT,BUR,153,2019-12-07T09:00:00Z,W,5,0,3,W,4,0,3,W,5,0,3
TOT,WOL,168,2019-12-15T08:00:00Z,W,2,1,3,W,1,0,3,D,1,1,1
TOT,CHE,179,2019-12-22T10:30:00Z,L,0,2,0,L,0,2,0,L,0,2,0
TOT,BHA,180,2019-12-26T06:30:00Z,W,2,1,3,D,1,1,1,W,2,1,3
TOT,NOR,194,2019-12-28T11:30:00Z,D,2,2,1,D,1,1,1,L,1,2,0
TOT,SOU,203,2020-01-01T09:00:00Z,L,0,1,0,L,0,1,0,L,0,1,0
TOT,LIV,217,2020-01-11T11:30:00Z,L,0,1,0,L,0,1,0,L,0,1,0
TOT,WAT,220,2020-01-18T06:30:00Z,D,0,0,1,D,0,0,1,D,0,0,1
TOT,NOR,237,2020-01-22T13:30:00Z,W,2,1,3,W,1,0,3,D,1,1,1
TOT,MC,250,2020-02-02T10:30:00Z,W,2,0,3,D,0,0,1,W,2,0,3
TOT,AVL,257,2020-02-16T08:00:00Z,W,3,2,3,D,2,2,1,D,2,2,1
TOT,CHE,261,2020-02-22T06:30:00Z,L,1,2,0,L,0,2,0,L,0,2,0
TOT,WOL,278,2020-03-01T08:00:00Z,L,2,3,0,D,2,2,1,L,2,3,0
TOT,BUR,285,2020-03-07T11:30:00Z,D,1,1,1,D,1,1,1,D,1,1,1
WAT,BHA,6,2019-08-10T09:00:00Z,L,0,3,0,L,0,1,0,L,0,2,0
WAT,EVE,14,2019-08-17T09:00:00Z,L,0,1,0,L,0,1,0,L,0,1,0
WAT,WHU,26,2019-08-24T09:00:00Z,L,1,3,0,D,1,1,1,L,1,3,0
WAT,NEW,36,2019-08-31T09:00:00Z,D,1,1,1,D,1,1,1,D,1,1,1
WAT,ARS,49,2019-09-15T10:30:00Z,D,2,2,1,L,1,2,0,L,1,2,0
WAT,MC,55,2019-09-21T09:00:00Z,L,0,8,0,L,0,7,0,L,0,7,0
WAT,WOL,67,2019-09-28T09:00:00Z,L,0,2,0,L,0,1,0,L,0,2,0
WAT,SHU,75,2019-10-05T09:00:00Z,D,0,0,1,D,0,0,1,D,0,0,1
WAT,TOT,86,2019-10-19T09:00:00Z,D,1,1,1,W,1,0,3,W,1,0,3
WAT,BOU,94,2019-10-26T09:00:00Z,D,0,0,1,D,0,0,1,D,0,0,1
WAT,CHE,108,2019-11-02T12:30:00Z,L,1,2,0,L,0,2,0,L,0,2,0
WAT,NOR,111,2019-11-08T14:00:00Z,W,2,0,3,W,2,0,3,W,2,0,3
WAT,BUR,127,2019-11-23T09:00:00Z,L,0,3,0,L,0,1,0,L,0,1,0
WAT,SOU,136,2019-11-30T11:30:00Z,L,1,2,0,W,1,0,3,W,1,0,3
WAT,LC,143,2019-12-04T13:30:00Z,L,0,2,0,L,0,1,0,L,0,1,0
WAT,CP,154,2019-12-07T09:00:00Z,D,0,0,1,D,0,0,1,D,0,0,1
WAT,LIV,161,2019-12-14T06:30:00Z,L,0,2,0,L,0,1,0,L,0,1,0
WAT,MU,178,2019-12-22T08:00:00Z,W,2,0,3,W,2,0,3,W,2,0,3
WAT,SHU,186,2019-12-26T09:00:00Z,D,1,1,1,D,1,1,1,D,1,1,1
WAT,AVL,193,2019-12-28T09:00:00Z,W,3,0,3,W,1,0,3,W,3,0,3
WAT,WOL,204,2020-01-01T09:00:00Z,W,2,1,3,W,2,1,3,W,2,1,3
WAT,BOU,218,2020-01-12T08:00:00Z,W,3,0,3,W,1,0,3,W,2,0,3
WAT,TOT,220,2020-01-18T06:30:00Z,D,0,0,1,D,0,0,1,D,0,0,1
WAT,AVL,231,2020-01-21T13:30:00Z,L,1,2,0,W,1,0,3,D,1,1,1
WAT,EVE,246,2020-02-01T09:00:00Z,L,2,3,0,D,2,2,1,D,2,2,1
WAT,BHA,252,2020-02-08T11:30:00Z,D,1,1,1,W,1,0,3,W,1,0,3
WAT,MU,267,2020-02-23T08:00:00Z,L,0,3,0,L,0,2,0,L,0,3,0
WAT,LIV,276,2020-02-29T11:30:00Z,W,3,0,3,W,2,0,3,W,3,0,3
WAT,CP,281,2020-03-07T09:00:00Z,L,0,1,0,L,0,1,0,L,0,1,0
WHU,MC,2,2019-08-10T06:30:00Z,L,0,5,0,L,0,2,0,L,0,3,0
WHU,BHA,13,2019-08-17T09:00:00Z,D,1,1,1,D,0,0,1,D,1,1,1
WHU,WAT,26,2019-08-24T09:00:00Z,W,3,1,3,D,1,1,1,W,3,1,3
WHU,NOR,37,2019-08-31T09:00:00Z,W,2,0,3,W,2,0,3,W,2,0,3
WHU,AVL,50,2019-09-16T14:00:00Z,D,0,0,1,D,0,0,1,D,0,0,1
WHU,MU,58,2019-09-22T08:00:00Z,W,2,0,3,W,1,0,3,W,1,0,3
WHU,BOU,62,2019-09-28T09:00:00Z,D,2,2,1,L,1,2,0,D,2,2,1
WHU,CP,76,2019-10-05T11:30:00Z,L,1,2,0,W,1,0,3,D,1,1,1
WHU,EVE,81,2019-10-19T06:30:00Z,L,0,2,0,L,0,1,0,L,0,1,0
WHU,SHU,95,2019-10-26T09:00:00Z,D,1,1,1,W,1,0,3,D,1,1,1
WHU,NEW,107,2019-11-02T10:00:00Z,L,2,3,0,L,0,3,0,L,1,3,0
WHU,BUR,113,2019-11-09T09:00:00Z,L,0,3,0,L,0,3,0,L,0,3,0
WHU,TOT,121,2019-11-23T06:30:00Z,L,2,3,0,L,0,3,0,L,1,3,0
WHU,CHE,133,2019-11-30T09:00:00Z,W,1,0,3,W,1,0,3,W,1,0,3
WHU,WOL,144,2019-12-04T13:30:00Z,L,0,2,0,L,0,1,0,L,0,1,0
WHU,ARS,160,2019-12-09T14:00:00Z,L,1,3,0,D,1,1,1,L,1,3,0
WHU,SOU,166,2019-12-14T11:30:00Z,W,1,0,3,W,1,0,3,W,1,0,3
WHU,CP,184,2019-12-26T09:00:00Z,L,1,2,0,W,1,0,3,D,1,1,1
WHU,LC,195,2019-12-28T11:30:00Z,L,1,2,0,L,1,2,0,L,1,2,0
WHU,BOU,207,2020-01-01T11:30:00Z,W,4,0,3,W,3,0,3,W,4,0,3
WHU,SHU,210,2020-01-10T14:00:00Z,L,0,1,0,L,0,1,0,L,0,1,0
WHU,EVE,226,2020-01-18T09:00:00Z,D,1,1,1,D,1,1,1,D,1,1,1
WHU,LC,236,2020-01-22T13:30:00Z,L,1,4,0,L,1,2,0,L,1,2,0
WHU,LIV,240,2020-01-29T13:45:00Z,L,0,2,0,L,0,2,0,L,0,2,0
WHU,BHA,247,2020-02-01T09:00:00Z,D,3,3,1,W,3,1,3,W,3,2,3
WHU,MC,260,2020-02-19T13:30:00Z,L,0,2,0,L,0,1,0,L,0,2,0
WHU,LIV,270,2020-02-24T14:00:00Z,L,2,3,0,W,2,1,3,D,2,2,1
WHU,SOU,275,2020-02-29T09:00:00Z,W,3,1,3,W,3,1,3,W,3,1,3
WHU,ARS,280,2020-03-07T09:00:00Z,L,0,1,0,D,0,0,1,D,0,0,1
WOL,LC,8,2019-08-11T08:00:00Z,D,0,0,1,D,0,0,1,D,0,0,1
WOL,MU,20,2019-08-19T14:00:00Z,D,1,1,1,D,1,1,1,D,1,1,1
WOL,BUR,30,2019-08-25T10:30:00Z,D,1,1,1,L,0,1,0,L,0,1,0
WOL,EVE,39,2019-09-01T08:00:00Z,L,2,3,0,L,1,2,0,D,2,2,1
WOL,CHE,46,2019-09-14T09:00:00Z,L,2,5,0,L,0,4,0,L,1,4,0
WOL,CP,57,2019-09-22T08:00:00Z,D,1,1,1,L,0,1,0,L,0,1,0
WOL,WAT,67,2019-09-28T09:00:00Z,W,2,0,3,W,1,0,3,W,2,0,3
WOL,MC,78,2019-10-06T08:00:00Z,W,2,0,3,D,0,0,1,D,0,0,1
WOL,SOU,87,2019-10-19T09:00:00Z,D,1,1,1,L,0,1,0,D,1,1,1
WOL,NEW,97,2019-10-27T09:00:00Z,D,1,1,1,L,0,1,0,D,1,1,1
WOL,ARS,102,2019-11-02T10:00:00Z,D,1,1,1,L,0,1,0,L,0,1,0
WOL,AVL,119,2019-11-10T08:00:00Z,W,2,1,3,W,1,0,3,W,1,0,3
WOL,BOU,122,2019-11-23T09:00:00Z,W,2,1,3,W,2,1,3,W,2,1,3
WOL,SHU,138,2019-12-01T08:00:00Z,D,1,1,1,L,0,1,0,D,1,1,1
WOL,WHU,144,2019-12-04T13:30:00Z,W,2,0,3,W,1,0,3,W,1,0,3
WOL,BHA,159,2019-12-08T10:30:00Z,D,2,2,1,D,2,2,1,D,2,2,1
WOL,TOT,168,2019-12-15T08:00:00Z,L,1,2,0,L,0,1,0,D,1,1,1
WOL,NOR,176,2019-12-21T09:00:00Z,W,2,1,3,D,1,1,1,D,1,1,1
WOL,MC,189,2019-12-27T13:45:00Z,W,3,2,3,L,1,2,0,L,1,2,0
WOL,LIV,198,2019-12-29T10:30:00Z,L,0,1,0,L,0,1,0,L,0,1,0
WOL,WAT,204,2020-01-01T09:00:00Z,L,1,2,0,L,1,2,0,L,1,2,0
WOL,NEW,216,2020-01-11T09:00:00Z,D,1,1,1,D,1,1,1,D,1,1,1
WOL,SOU,225,2020-01-18T09:00:00Z,W,3,2,3,L,1,2,0,D,2,2,1
WOL,LIV,239,2020-01-23T14:00:00Z,L,1,2,0,D,1,1,1,D,1,1,1
WOL,MU,248,2020-02-01T11:30:00Z,D,0,0,1,D,0,0,1,D,0,0,1
WOL,LC,254,2020-02-14T14:00:00Z,D,0,0,1,D,0,0,1,D,0,0,1
WOL,NOR,268,2020-02-23T08:00:00Z,W,3,0,3,W,3,0,3,W,3,0,3
WOL,TOT,278,2020-03-01T08:00:00Z,W,3,2,3,D,2,2,1,W,3,2,3
WOL,BHA,284,2020-03-07T09:00:00Z,D,0,0,1,D,0,0,1,D,0,0,1
